鄉鎮市區,交易標的,土地區段位置/建物區段門牌,土地面積(平方公尺),都市土地使用分區,非都市土地使用分區,非都市土地使用編定,租賃年月日,租賃筆棟數,租賃層次,總樓層數,建物型態,主要用途,主要建材,建築完成年月,建物總面積(平方公尺),建物現況格局-房,建物現況格局-廳,建物現況格局-衛,建物現況格局-隔間,有無管理組織,有無附傢俱,總額(元),單價(元/平方公尺),車位類別,車位面積(平方公尺),車位總額(元),備註,編號
The villages and towns urban district,transaction sign,land sector position/building sector house number plate,land shifting total area (square meter),the use zoning or compiles and checks,the non-metropolis land use district,non-metropolis land use,transaction year, month and day,transaction pen number,shifting level,total floor number,building state,main use,main building materials,construction to complete the years,building shifting total area,Building present situation pattern - room,building present situation pattern - hall,building present situation pattern - health,building present situation pattern - compartmented,Whether there is manages the organization,Whether there is attaches the furniture,total price (Yuan),the unit price (a Yuan/square meter),the berth category,berth shifting total area (square meter),the berth total price (Yuan),the note,serial number
南屯區,房地(土地+建物),臺中市南屯區南屯路二段811~840號,100.98,住,,,1070424,土地3建物1車位0,全,3,透天厝,住商用,鋼筋混凝土造,0770108,177.13,0,0,0,無,無,無,32000,181,,0.0,0,,RPVOMLLLNHNFFCB48CC
西區,房地(土地+建物),臺中市西區公益路211~240號,19.86,住,,,1070503,土地1建物1車位0,六層,14,住宅大樓(11層含以上有電梯),住家用,鋼筋混凝土造,0870918,178.56,3,2,2,有,有,有,25000,140,,0.0,0,起租日:107/05/20租金總額含稅。,RPPOMLLLNHNFFAB67CC
大雅區,房地(土地+建物),臺中市大雅區雅環路三段大明一巷1~30號,38.21,住,,,1070430,土地1建物1車位0,全,3,透天厝,住家用,鋼筋混凝土造,0780131,74.97,4,0,1,有,無,有,15000,200,,0.0,0,,RPUNMLLLNHNFFHB78CC
潭子區,車位,臺中市潭子區中興路91~120號,0.0,住,,,1070429,土地0建物0車位1,,,其他,,,,9.09,0,0,0,有,有,無,1500,,坡道機械,9.09,1500,,RPVNMLLLNHNFFHB88CC
大雅區,房地(土地+建物),臺中市大雅區神林南路43巷61~90號,7.53,住,,,1070508,土地1建物1車位0,全,5,透天厝,見其他登記事項,鋼筋混凝土造,0830111,28.24,1,0,1,有,無,有,6250,221,,0.0,0,,RPWNMLLLNHNFFHB98CC
大雅區,房地(土地+建物),臺中市大雅區神林南路43巷61~90號,7.53,住,,,1070508,土地1建物1車位0,全,5,透天厝,見其他登記事項,鋼筋混凝土造,0830111,28.24,1,0,1,有,無,有,6250,221,,0.0,0,,RPXNMLLLNHNFFHB09CC
大雅區,房地(土地+建物),臺中市大雅區民興街91~120號,41.8,住,,,1070515,土地2建物1車位0,全,5,透天厝,住商用,鋼筋混凝土造,0820315,87.2,3,0,2,有,無,有,16000,183,,0.0,0,,RPOOMLLLNHNFFHB28CC
大雅區,房地(土地+建物),臺中市大雅區神林南路43巷61~90號,6.7,住,,,1070424,土地1建物1車位0,全,5,透天厝,見其他登記事項,鋼筋混凝土造,0830111,27.79,1,0,1,有,無,有,6250,225,,0.0,0,套房出租,RPPOMLLLNHNFFHB38CC
大里區,房地(土地+建物),臺中市大里區東榮路571~600號,23.76,住,,,1070514,土地1建物1車位0,一層,4,店面(店鋪),見其他登記事項,鋼筋混凝土造,0870330,39.67,0,0,0,無,無,無,13500,340,,0.0,0,,RPOOMLLLNHNFFIB38CC
太平區,房地(土地+建物),臺中市太平區宜佳街1~30號,35.25,住,,,1070502,土地1建物1車位0,一層,5,店面(店鋪),見其他登記事項,鋼筋混凝土造,0780725,137.76,3,3,1,有,無,無,27000,196,,0.0,0,本案未使用共同使用部分，未繳交管理費，故未申報公設建號,RPPNMLLLNHNFFJB58DC
西區,房地(土地+建物),臺中市西區臺灣大道二段211~240號,12.94,住,,,1070427,土地1建物0車位0,十四層,37,辦公商業大樓,見其他登記事項,見其他登記事項,0800402,287.15999999999997,0,0,0,無,有,無,54728,191,,0.0,0,,RPWPMLMLNHNFFAB58CC
西屯區,房地(土地+建物),臺中市西屯區市政北七路121~150號,14.73,住,,,1070510,土地1建物1車位0,一層,28,店面(店鋪),見其他登記事項,鋼骨鋼筋混凝土造,1000110,261.88,0,0,0,無,有,無,120000,458,,0.0,0,,RPSNMLMLNHNFFCB18CC
南屯區,房地(土地+建物),臺中市南屯區保安七街61~90號,9.76,住,,,1070514,土地1建物1車位0,四層,11,套房(1房1廳1衛),見其他登記事項,鋼筋混凝土造,1060817,41.37,1,0,1,有,有,有,10000,242,,0.0,0,,RPWNMLMLNHNFFCB58CC
西屯區,房地(土地+建物)+車位,臺中市西屯區臺灣大道二段901~930號,91.29,住,,,1070323,土地1建物1車位1,四層,14,辦公商業大樓,商業用,鋼筋混凝土造,0831024,214.65,0,0,0,無,有,無,32000,149,坡道平面,0.0,0,,RPPPMLMLNHNFFCB08CC
西屯區,房地(土地+建物)+車位,臺中市西屯區西屯路二段256巷1~30號,33.66,商,,,1070515,土地1建物2車位2,二十一層,22,辦公商業大樓,見其他登記事項,見其他登記事項,0820507,482.61,0,0,0,無,有,有,65000,135,坡道機械,0.0,0,,RPOQMLMLNHNFFCB08CC
北區,房地(土地+建物)+車位,臺中市北區臺灣大道二段331~360號,9.76,住,,,1070423,土地2建物1車位1,七層,28,辦公商業大樓,見其他登記事項,鋼骨鋼筋混凝土造,0890603,172.84,0,0,0,無,有,無,40000,231,坡道機械,9.32,0,,RPRNMLMLNHNFFBB97CC
北區,房地(土地+建物),臺中市北區臺灣大道二段331~360號,35.39,住,,,1070507,土地1建物1車位0,十二層,4,辦公商業大樓,商業用,鋼筋混凝土造,0770116,277.55,0,0,0,無,有,無,34056,123,,0.0,0,,RPQQMLMLNHNFFBB18CC
北區,建物,臺中市北區三民路三段201巷1~30號,0.0,住,,,1070510,土地0建物0車位0,一層,2,店面(店鋪),住家用,鋼筋混凝土加強磚造,0550606,62.4,0,1,1,有,無,有,30000,481,,0.0,0,,RPWNMLNLNHNFFBB58CC
北屯區,建物,臺中市北屯區崇德六路一段30巷1~30號,0.0,住,,,1070519,土地0建物1車位1,三層,7,華廈(10層含以下有電梯),住家用,鋼筋混凝土造,0820222,95.19999999999999,3,2,2,有,有,無,13000,137,坡道機械,0.0,0,車位面積無法分算租金含管理費,RPPOMLNLNHNFFBB97CC
北屯區,房地(土地+建物)+車位,臺中市北屯區太原路三段1321~1350號,14.51,住,,,1070520,土地1建物1車位1,一層,14,店面(店鋪),見其他登記事項,鋼筋混凝土造,1041228,92.09,0,0,0,無,有,無,20000,217,坡道平面,25.81,0,租賃範圍不包含夾層,RPUOMLNLNHNFFBB48CC
北屯區,房地(土地+建物),臺中市北屯區遼寧路一段160巷1~30號,10.22,住,,,1070514,土地2建物1車位0,十層,14,住宅大樓(11層含以上有電梯),住家用,鋼筋混凝土造,0890218,82.25,2,1,1,有,有,有,14200,173,,0.0,0,,RPOPMLNLNHNFFBB97CC
北屯區,房地(土地+建物),臺中市北屯區崇德二路一段157巷31~60號,5.31,住,,,1070523,土地1建物1車位0,一層,7,華廈(10層含以下有電梯),商業用,鋼筋混凝土造,0830825,32.33,1,0,1,有,有,無,7500,232,,0.0,0,,RPQQMLNLNHNFFBB28CC
西屯區,建物,臺中市西屯區上石路181巷1~30號,0.0,商,,,1070502,土地0建物1車位1,十一層,15,住宅大樓(11層含以上有電梯),住家用,鋼筋混凝土造,0961012,119.34,2,2,1,有,有,有,22000,184,坡道機械,13.25,0,租金含管理費,RPQNMLNLNHNFFCB08CC
南屯區,房地(土地+建物)+車位,臺中市南屯區文心路一段301~330號,29.7,住,,,1070511,土地1建物1車位2,十一層,14,辦公商業大樓,商業用,鋼筋混凝土造,0850302,261.73,4,0,0,有,有,有,43500,166,坡道機械,0.0,0,,RPPOMLNLNHNFFCB08CC
西屯區,房地(土地+建物)+車位,臺中市西屯區漢翔路31~60號,33.03,住,,,1070515,土地1建物1車位2,十四層,14,住宅大樓(11層含以上有電梯),住家用,鋼筋混凝土造,1011003,210.99,3,2,2,有,有,有,44000,209,坡道平面,66.18,0,,RPUPMLNLNHNFFCB68CC
西屯區,房地(土地+建物)+車位,臺中市西屯區國安一路61~90號,9.52,住,,,1070425,土地1建物1車位1,十七層,22,住宅大樓(11層含以上有電梯),住家用,鋼筋混凝土造,0971127,107.07,2,2,1,有,有,有,20000,187,坡道機械,13.92,0,,RPOQMLNLNHNFFCB18CC
西屯區,房地(土地+建物)+車位,臺中市西屯區黎明路三段151~180號,49.22,商,,,1070301,土地1建物1車位2,一層,15,住宅大樓(11層含以上有電梯),見其他登記事項,鋼筋混凝土造,1021016,392.63,0,0,0,無,有,無,105000,267,坡道平面,57.6,0,,RPPQMLNLNHNFFCB28CC
西屯區,建物,臺中市西屯區國安一路121~150號,0.0,其他,,,1070425,土地0建物1車位0,一層,2,店面(店鋪),見其他登記事項,鋼骨鋼筋混凝土造,1031201,413.22,0,0,0,無,無,無,100000,242,,0.0,0,僅承租1F部分範圍:約125坪,RPUQMLNLNHNFFCB78CC
西屯區,房地(土地+建物)+車位,臺中市西屯區市政北二路211~240號,20.35,其他,,,1070502,土地1建物1車位2,三十層,36,辦公商業大樓,見其他登記事項,鋼骨鋼筋混凝土造,1030403,369.23,0,0,0,無,有,無,90000,244,坡道平面,0.0,0,,RPWRMLNLNHNFFCB09CC
西屯區,房地(土地+建物)+車位,臺中市西屯區朝富路211~240號,28.86,其他,,,1070430,土地1建物1車位3,十八層,34,辦公商業大樓,見其他登記事項,鋼骨鋼筋混凝土造,1040924,482.84000000000003,0,0,0,無,有,無,134651,279,坡道平面,0.0,0,,RPOSMLNLNHNFFCB38CC
西區,房地(土地+建物)+車位,臺中市西區忠明南路91~120號,12.53,住,,,1070508,土地1建物1車位1,十五層,15,住宅大樓(11層含以上有電梯),見其他登記事項,鋼筋混凝土造,0951222,137.82999999999998,2,2,2,有,有,有,32000,232,坡道機械,0.0,0,,RPWNMLNLNHNFFAB48CC
烏日區,房地(土地+建物),臺中市烏日區中華路612巷1~30號,17.13,住,,,1070513,土地1建物1車位0,一層,6,華廈(10層含以下有電梯),見其他登記事項,鋼筋混凝土造,0841106,85.98,1,0,1,有,有,無,11000,128,,0.0,0,,RPROMLNLNHNFFIB88CC
大里區,房地(土地+建物),臺中市大里區立中五街61~90號,91.8,住,,,1070515,土地1建物1車位0,見其他登記事項,4,店面(店鋪),見其他登記事項,鋼筋混凝土造,1020426,244.41,4,3,4,有,無,無,28000,115,,0.0,0,,RPSPMLNLNHNFFIB09CC
西屯區,房地(土地+建物),臺中市西屯區臺灣大道四段1261~1290號,10.87,住,,,1070516,土地1建物1車位0,二十一層,26,住宅大樓(11層含以上有電梯),住家用,鋼筋混凝土造,0990112,98.41,3,2,2,有,無,有,26800,272,,0.0,0,,RPXOMLNLNHNFFCB98DC
清水區,房地(土地+建物)+車位,臺中市清水區港新五路211~240號,21.84,商,,,1070511,土地1建物1車位1,九層,15,住宅大樓(11層含以上有電梯),見其他登記事項,鋼筋混凝土造,1060905,202.53,3,2,2,有,有,無,15000,74,坡道平面,0.0,0,,RPQNMLNLNHNFFFB38CC
太平區,建物,臺中市太平區中山路二段362巷1~30號,0.0,,鄉村區,乙種建築用地,1070513,土地0建物1車位0,四層,5,華廈(10層含以下有電梯),住家用,鋼筋混凝土造,0840418,94.33,2,2,1,有,無,有,9000,95,,0.0,0,,RPWNMLNLNHNFFJB76CC
太平區,房地(土地+建物),臺中市太平區中山路三段25巷61~90號,108.6,工,,,1070516,土地1建物1車位0,全,2,透天厝,見其他登記事項,加強磚造,0670710,108.6,4,2,2,有,無,有,17900,165,,0.0,0,,RPQPMLNLNHNFFJB98CC
南區,房地(土地+建物)+車位,臺中市南區復興北路751~780號,29.56,住,,,1070426,土地2建物1車位2,四層,19,住宅大樓(11層含以上有電梯),見其他登記事項,鋼筋混凝土造,1030920,244.06,4,2,2,有,有,有,27000,111,坡道平面,0.0,0,,RPSOMLOLNHNFFAB28CC
西屯區,建物,臺中市西屯區國安一路61~90號,15.52,住,,,1070520,土地0建物1車位0,八層,15,住宅大樓(11層含以上有電梯),住家用,鋼筋混凝土造,0960907,140.78,3,2,2,有,有,有,24000,170,,0.0,0,,RPTNMLOLNHNFFCB48CC
南屯區,建物,臺中市南屯區精科路121~150號,0.0,住,,,1070425,土地0建物1車位0,一層,11,住宅大樓(11層含以上有電梯),見其他登記事項,鋼筋混凝土造,1060306,256.87,0,0,0,無,有,無,60000,234,,0.0,0,107/07/01-108/06/30租金6萬元/月；108/07/01-109/06/30租金6.5萬元/月；109/07/01-113/06/30租金6.8萬元/月。,RPTOMLOLNHNFFCB58CC
南屯區,房地(土地+建物)+車位,臺中市南屯區永春東一路571~600號,27.42,住,,,1070430,土地1建物1車位2,四層,23,住宅大樓(11層含以上有電梯),見其他登記事項,鋼筋混凝土造,1050727,275.54,3,2,2,有,有,有,42000,152,坡道平面,0.0,0,,RPUOMLOLNHNFFCB68CC
南屯區,建物,臺中市南屯區大墩十街181~210號,20.6,商,,,1070516,土地0建物1車位0,一層,9,華廈(10層含以下有電梯),見其他登記事項,鋼筋混凝土造,0881222,47.43,0,0,0,無,有,有,18000,380,,0.0,0,,RPRNMLPLNHNFFCB38CC
西屯區,房地(土地+建物)+車位,臺中市西屯區臺灣大道二段901~930號,25.66,商,,,1070509,土地1建物1車位2,六層,14,辦公商業大樓,商業用,鋼筋混凝土造,0831024,289.99,0,0,0,無,有,無,49000,169,坡道機械,0.0,0,,RPVOMLPLNHNFFCB88CC
西屯區,房地(土地+建物)+車位,臺中市西屯區東興路三段361~390號,52.24,住,,,1070510,土地1建物1車位1,七層,7,辦公商業大樓,商業用,鋼筋混凝土造,0800930,139.42000000000002,0,0,0,無,有,無,25000,179,坡道機械,0.0,0,,RPWOMLPLNHNFFCB98CC
西屯區,建物,臺中市西屯區玉門路31~60號,0.0,住,,,1070522,土地0建物1車位0,一層,4,店面(店鋪),見其他登記事項,見其他登記事項,1050119,431.90999999999997,0,0,0,無,無,無,160000,370,,0.0,0,,RPXOMLPLNHNFFCB09CC
南屯區,房地(土地+建物)+車位,臺中市南屯區保安七街61~90號,9.31,住,,,1070523,土地1建物1車位1,三層,11,套房(1房1廳1衛),見其他登記事項,鋼筋混凝土造,1060817,39.93,1,0,1,有,有,有,10000,289,坡道平面,15.0,2800,,RPOPMLPLNHNFFCB28CC
南屯區,房地(土地+建物),臺中市南屯區保安七街61~90號,9.46,住,,,1070523,土地1建物1車位0,四層,11,套房(1房1廳1衛),見其他登記事項,鋼筋混凝土造,1060817,40.38,1,0,1,有,有,有,9000,223,,0.0,0,,RPPPMLPLNHNFFCB38CC
南屯區,房地(土地+建物),臺中市南屯區保安七街61~90號,9.76,住,,,1070524,土地1建物1車位0,五層,11,套房(1房1廳1衛),見其他登記事項,鋼筋混凝土造,1060817,41.37,1,0,1,有,有,有,10000,242,,0.0,0,,RPQPMLPLNHNFFCB48CC
西屯區,房地(土地+建物),臺中市西屯區朝富路211~240號,21.02,其他,,,1070511,土地1建物1車位0,六層,34,辦公商業大樓,見其他登記事項,鋼骨鋼筋混凝土造,1040924,370.29,0,0,0,無,有,無,89608,242,,0.0,0,,RPRPMLPLNHNFFCB58CC
南屯區,房地(土地+建物),臺中市南屯區保安七街61~90號,9.76,住,,,1070524,土地1建物1車位0,六層,11,套房(1房1廳1衛),見其他登記事項,鋼筋混凝土造,1060817,41.37,1,0,1,有,有,有,10500,254,,0.0,0,,RPSPMLPLNHNFFCB68CC
西屯區,房地(土地+建物)+車位,臺中市西屯區朝富路211~240號,16.31,其他,,,1070521,土地1建物1車位2,三層,34,辦公商業大樓,見其他登記事項,鋼骨鋼筋混凝土造,1040924,277.96,0,0,0,無,有,無,71590,258,坡道機械,0.0,0,,RPTPMLPLNHNFFCB78CC
西屯區,房地(土地+建物),臺中市西屯區市政北七路181~210號,13.47,其他,,,1070519,土地1建物1車位0,九層,28,辦公商業大樓,見其他登記事項,鋼筋混凝土造,1060321,229.5,0,0,0,無,有,無,52000,227,,0.0,0,,RPUPMLPLNHNFFCB88CC
西屯區,建物,臺中市西屯區福科二路31~60號,0.0,住,,,1070522,土地0建物1車位2,五層,21,住宅大樓(11層含以上有電梯),住家用,鋼筋混凝土造,1030226,309.25,4,2,2,有,有,無,37000,120,坡道平面,58.9,0,,RPXQMLPLNHNFFCB66CC
西屯區,建物,臺中市西屯區四川三街31~60號,0.0,住,,,1070515,土地0建物1車位0,全,2,透天厝,住商用,鋼筋混凝土造,0690522,98.23,2,2,3,有,無,有,28000,285,,0.0,0,,RPQRMLPLNHNFFCB68CC
南屯區,房地(土地+建物),臺中市南屯區河南路四段331~360號,7.11,住,,,1070510,土地1建物1車位0,八層,12,住宅大樓(11層含以上有電梯),住家用,鋼筋混凝土造,0941220,30.92,1,0,1,有,有,有,6860,222,,0.0,0,此件為 台中市政府社會住宅包租代管試辦計畫租金市價打7折,RPWRMLPLNHNFFCB66CC
北屯區,房地(土地+建物),臺中市北屯區敦化路一段406巷1~30號,69.0,住,,,1070505,土地1建物1車位0,全,4,透天厝,見其他登記事項,鋼筋混凝土造,0920320,157.03,4,2,3,有,無,有,28000,178,,0.0,0,,RPXOMLPLNHNFFBB98CC
北屯區,房地(土地+建物),臺中市北屯區廓子巷1~30號,19.83,住,,,1070510,土地1建物1車位0,全,2,透天厝,見其他登記事項,鋼筋混凝土造,0950614,19.83,22,0,22,有,無,有,3967,200,,0.0,0,此件為 台中市政府社會住宅包租代管試辦計畫租金市價打7折,RPXQMLPLNHNFFBB56CC
北屯區,房地(土地+建物),臺中市北屯區臺中市北屯區?子巷1~30號,19.44,住,,,1070510,土地1建物1車位0,全,2,透天厝,見其他登記事項,鋼筋混凝土造,0950614,19.44,22,0,22,有,無,有,3967,204,,0.0,0,此件為 台中市政府社會住宅包租代管試辦計畫租金市價打7折,RPORMLPLNHNFFBB38CC
北屯區,房地(土地+建物),臺中市北屯區臺中市北屯區?子巷1~30號,19.44,住,,,1070510,土地1建物1車位0,全,2,透天厝,見其他登記事項,鋼筋混凝土造,0950614,19.44,22,0,22,有,無,有,5322,274,,0.0,0,此件為 台中市政府社會住宅包租代管試辦計畫租金市價打9折,RPPRMLPLNHNFFBB48CC
東區,房地(土地+建物),臺中市東區進化路61~90號,90.0,住,,,1070426,土地2建物1車位0,全,2,透天厝,商業用,見其他登記事項,0581009,124.43,0,0,0,無,無,無,22000,177,,0.0,0,,RPROMLPLNHNFFAB28CC
南區,房地(土地+建物)+車位,臺中市南區忠明南路781~810號,16.33,住,,,1070523,土地1建物1車位2,十七層,42,辦公商業大樓,商業用,見其他登記事項,0821218,350.37,0,0,0,無,有,無,39988,114,坡道機械,0.0,3000,,RPVOMLPLNHNFFAB68CC
西區,建物,臺中市西區美村路一段781~810號,0.0,住,,,1070522,土地0建物1車位1,十層,14,住宅大樓(11層含以上有電梯),住家用,鋼筋混凝土造,0830630,154.0,3,2,2,有,有,無,20000,130,坡道平面,0.0,0,車位面積無法分算,RPPPMLPLNHNFFAB18CC
西區,房地(土地+建物),臺中市西區三民路一段31~60號,4.41,住,,,1070515,土地1建物1車位0,十七層,19,住宅大樓(11層含以上有電梯),住家用,鋼筋混凝土造,0840113,68.06,3,2,2,有,無,有,11340,167,,0.0,0,此件為 台中市政府社會住宅包租代管試辦計畫租金市價打7折,RPPQMLPLNHNFFAB28CC
豐原區,房地(土地+建物),臺中市豐原區安和路35巷1~30號,74.0,住,,,1070518,土地1建物1車位0,全,3,透天厝,見其他登記事項,鋼筋混凝土造,0780429,198.79,6,2,3,有,無,無,15000,75,,0.0,0,,RPVNMLPLNHNFFDB88CC
豐原區,土地,一心段1021~1050地號,605.8,住,,,1070507,土地8建物0車位0,,,其他,,,,0.0,0,0,0,有,無,無,36000,59,,0.0,0,,RPWNMLPLNHNFFDB98CC
豐原區,房地(土地+建物),臺中市豐原區三豐路一段61~90號,894.0,住,,,1070525,土地1建物1車位0,九層,12,住宅大樓(11層含以上有電梯),見其他登記事項,鋼筋混凝土造,1060816,67.21,2,2,2,有,無,有,25000,372,,0.0,0,,RPWNMLSLNHNFFDB66CC
大雅區,房地(土地+建物),臺中市大雅區中清東路271~300號,310.51,住,,,1070521,土地4建物1車位0,見其他登記事項,2,店面(店鋪),見其他登記事項,鋼筋混凝土造,1020130,415.03,0,0,0,無,無,無,94500,228,,0.0,0,,RPXNMLSLNHNFFHB17CC
大雅區,房地(土地+建物),臺中市大雅區中山北路151巷1~30號,13.95,住,,,1070528,土地1建物1車位0,四層,5,公寓(5樓含以下無電梯),住家用,鋼筋混凝土造,0691007,56.7,2,1,1,有,無,無,7000,123,,0.0,0,,RPOOMLSLNHNFFHB98CC
西區,房地(土地+建物),臺中市西區忠明南路121~150號,19.03,住,,,1070528,土地1建物1車位0,二十層,24,住宅大樓(11層含以上有電梯),住家用,鋼筋混凝土造,0871030,228.67000000000002,4,2,2,有,有,有,35000,153,,0.0,0,起租日:107/07/01租金總額含稅。,RPUNMLSLNHNFFAB78CC
西區,房地(土地+建物),臺中市西區忠明南路91~120號,16.46,住,,,1070528,土地1建物1車位0,十一層,15,住宅大樓(11層含以上有電梯),見其他登記事項,鋼筋混凝土造,0951222,155.54999999999998,3,2,2,有,有,無,36500,235,,0.0,0,起租日:107/07/01租金總額含稅。,RPVNMLSLNHNFFAB88CC
西區,房地(土地+建物),臺中市西區忠明南路91~120號,13.07,住,,,1070518,土地1建物1車位0,八層,15,住宅大樓(11層含以上有電梯),見其他登記事項,鋼筋混凝土造,0951222,130.24,3,2,2,有,有,有,34500,265,,0.0,0,起租日:107/06/10租金總額含稅。,RPXNMLSLNHNFFAB09CC
西區,房地(土地+建物)+車位,臺中市西區大進街91~120號,11.56,住,,,1070510,土地1建物1車位1,十一層,13,住宅大樓(11層含以上有電梯),住家用,鋼筋混凝土造,0830114,108.2,3,2,1,有,有,有,13000,120,坡道機械,0.0,0,,RPOOMLSLNHNFFAB28CC
中區,建物,臺中市中區成功路1~30號,0.0,商,,,1070516,土地0建物2車位0,見其他登記事項,12,辦公商業大樓,商業用,鋼筋混凝土造,0790416,1083.06,0,0,0,無,有,無,180000,166,,0.0,0,承租樓層:5F之1及6F之1,RPUOMLSLNHNFFAB88CC
西區,房地(土地+建物),臺中市西區三民西路91~120號,71.0,商,,,1070523,土地1建物1車位0,全,2,透天厝,商業用,見其他登記事項,0600529,114.44,3,2,3,有,無,無,18000,157,,0.0,0,,RPPNMLSLNHNFFAB38DC
北區,建物,臺中市北區永興街1~30號,0.0,住,,,1070514,土地0建物1車位0,見其他登記事項,7,店面(店鋪),住商用,鋼筋混凝土造,0690121,152.23,0,2,2,有,有,無,35000,230,,0.0,0,分段式租金:第二年起調至3萬8000元;第四年起調至4萬1000元,RPUNMLSLNHNFFBB88CC
北屯區,建物,臺中市北屯區大連北街66巷1~30號,0.0,住,,,1070524,土地0建物1車位0,全,2,透天厝,住家用,加強磚造,0740510,149.01,3,3,3,有,無,無,22000,148,,0.0,0,,RPVNMLSLNHNFFBB98CC
北屯區,房地(土地+建物),臺中市北屯區昌平路一段211~240號,140.0,住,,,1070519,土地1建物1車位0,全,4,透天厝,住家用,鋼筋混凝土造,0720924,23.24,1,0,1,有,無,有,9500,409,,0.0,0,租賃所得稅由屋主負擔.僅承租3樓部份面積.,RPROMLSLNHNFFBB68CC
北屯區,房地(土地+建物),臺中市北屯區昌平路一段211~240號,140.0,住,,,1070523,土地1建物1車位0,全,4,透天厝,住家用,鋼筋混凝土造,0720924,23.24,1,0,1,有,無,有,9500,409,,0.0,0,租賃所得稅由屋主負擔.(僅承租4F部份面積).租金含水費.,RPTOMLSLNHNFFBB88CC
北屯區,房地(土地+建物),臺中市北屯區梅川東路四段91~120號,4.17,住,,,1070527,土地1建物1車位0,七層,17,住宅大樓(11層含以上有電梯),商業用,鋼筋混凝土造,0831222,43.58,1,0,1,有,有,有,8000,184,,0.0,0,,RPVOMLSLNHNFFBB09CC
北屯區,房地(土地+建物),臺中市北屯區梅川東路四段91~120號,3.03,住,,,1070526,土地1建物1車位0,十一層,17,住宅大樓(11層含以上有電梯),商業用,鋼筋混凝土造,0831222,39.72,1,0,1,有,有,有,9000,227,,0.0,0,,RPQPMLSLNHNFFBB68CC
南屯區,房地(土地+建物),臺中市南屯區大墩路299及301~330號,21.27,住,,,1070426,土地1建物2車位0,見使用執照,15,住宅大樓(11層含以上有電梯),住家用,鋼筋混凝土造,0831011,350.28999999999996,0,0,0,無,有,無,81000,231,,0.0,0,,RPOTMLSLNHNFFCB98CC
南屯區,房地(土地+建物),臺中市南屯區保安七街61~90號,9.3,住,,,1070529,土地1建物1車位0,二層,11,套房(1房1廳1衛),見其他登記事項,鋼筋混凝土造,1060817,39.93,1,0,1,有,有,有,10000,250,,0.0,0,,RPSPMLTLNHNFFCB09CC
南屯區,房地(土地+建物),臺中市南屯區保安七街61~90號,14.03,住,,,1070529,土地1建物1車位0,八層,11,套房(1房1廳1衛),見其他登記事項,鋼筋混凝土造,1060817,59.72,1,0,1,有,有,有,10500,176,,0.0,0,,RPTPMLTLNHNFFCB56CC
西屯區,房地(土地+建物)+車位,臺中市西屯區文心路三段1~30號,6.92,商,,,1070516,土地1建物1車位1,十層,26,住宅大樓(11層含以上有電梯),住家用,鋼筋混凝土造,0980813,106.47,0,0,0,無,有,有,18500,174,坡道平面,0.0,0,,RPWQMLTLNHNFFCB96CC
西屯區,房地(土地+建物),臺中市西屯區大墩二十街91~120號,126.0,住,,,1070527,土地1建物1車位0,四層,4,公寓(5樓含以下無電梯),住商用,鋼筋混凝土造,0720209,83.3,2,1,1,有,無,無,8000,96,,0.0,0,,RPXQMLTLNHNFFCB07CC
西屯區,房地(土地+建物),臺中市西屯區文心路三段1~30號,6.72,商,,,1070516,土地1建物1車位0,十九層,26,住宅大樓(11層含以上有電梯),住家用,鋼筋混凝土造,0980813,66.85,0,0,0,無,有,有,18000,269,,0.0,0,,RPORMLTLNHNFFCB88CC
西屯區,房地(土地+建物)+車位,臺中市西屯區文心路三段1~30號,9.49,商,,,1070519,土地1建物1車位1,十五層,18,住宅大樓(11層含以上有電梯),住家用,鋼筋混凝土造,0980813,130.55,2,1,2,有,有,有,25000,191,坡道平面,0.0,0,,RPPRMLTLNHNFFCB98CC
西屯區,房地(土地+建物)+車位,臺中市西屯區文心路三段241~270號,11.93,住,,,1070507,土地1建物1車位1,十二層,23,辦公商業大樓,商業用,鋼筋混凝土造,0820226,177.44,0,0,0,無,有,無,26000,147,坡道機械,0.0,0,,RPQRMLTLNHNFFCB09CC
北屯區,房地(土地+建物),臺中市北屯區太原路三段751~780號,430.0,商,,,1070502,土地1建物1車位0,一層,1,其他,商業用,加強磚造,0620520,288.0,0,0,0,無,無,無,30000,104,,0.0,0,租用無建號之地上物 含增建或未登記建物,RPTNMLTLNHNFFBB88CC
北屯區,房地(土地+建物),臺中市北屯區梅川東路四段91~120號,4.17,住,,,1070527,土地1建物1車位0,五層,17,住宅大樓(11層含以上有電梯),商業用,鋼筋混凝土造,0831222,43.8,1,1,1,有,無,有,9500,217,,0.0,0,,RPWPMLTLNHNFFBB76CC
北區,房地(土地+建物),臺中市北區進化北路301~330號,7.68,商,,,1070521,土地2建物1車位0,八層,18,住宅大樓(11層含以上有電梯),住家用,鋼筋混凝土造,0941208,83.97,0,0,0,無,有,有,16000,191,,0.0,0,,RPQQMLTLNHNFFBB88CC
北區,車位,臺中市北區進化北路301~330號,0.25,商,,,1070521,土地0建物0車位1,,,其他,,,,15.94,0,0,0,有,有,無,2000,,坡道機械,15.94,2000,,RPRQMLTLNHNFFBB98CC
北區,房地(土地+建物),臺中市北區進化北路301~330號,7.55,商,,,1070516,土地2建物1車位0,六層,18,住宅大樓(11層含以上有電梯),住家用,鋼筋混凝土造,0941208,83.97,0,0,0,無,有,有,16000,191,,0.0,0,,RPSQMLTLNHNFFBB09CC
北區,車位,臺中市北區進化北路301~330號,0.25,商,,,1070518,土地0建物0車位1,,,其他,,,,15.94,0,0,0,有,有,無,1800,,坡道機械,15.94,1800,,RPTQMLTLNHNFFBB56CC
北區,房地(土地+建物),臺中市北區進化北路301~330號,6.09,商,,,1070516,土地2建物1車位0,十二層,18,住宅大樓(11層含以上有電梯),住家用,鋼筋混凝土造,0941208,67.4,0,0,0,無,有,有,15000,223,,0.0,0,,RPUQMLTLNHNFFBB66CC
北區,房地(土地+建物),臺中市北區進化北路301~330號,5.36,商,,,1070521,土地2建物1車位0,六層,18,住宅大樓(11層含以上有電梯),住家用,鋼筋混凝土造,0941208,68.08,0,0,0,無,有,有,15000,220,,0.0,0,,RPWQMLTLNHNFFBB86CC
北屯區,車位,臺中市北屯區文心路四段271~300號,0.0,,,,1070513,土地0建物0車位1,,,其他,,,,27.23,0,0,0,有,有,無,3500,,坡道平面,27.23,3500,,RPXQMLTLNHNFFBB96CC
北屯區,房地(土地+建物),臺中市北屯區文心路四段271~300號,11.13,商,,,1070514,土地1建物1車位0,十六層,22,住宅大樓(11層含以上有電梯),住家用,鋼筋混凝土造,1020725,127.00999999999999,2,1,2,有,有,有,22000,173,,0.0,0,,RPORMLTLNHNFFBB78CC
西區,房地(土地+建物),臺中市西區五權西四街151~180號,73.74,住,,,1070514,土地1建物1車位0,見其他登記事項,7,華廈(10層含以下有電梯),商業用,鋼筋混凝土造,0820522,392.67,0,2,2,有,無,無,50000,127,,0.0,0,,RPOQMLTLNHNFFAB58CC
南區,房地(土地+建物)+車位,臺中市南區建國南路二段61~90號,21.54,住,,,1070509,土地1建物1車位1,五層,12,住宅大樓(11層含以上有電梯),見其他登記事項,鋼筋混凝土造,1060525,128.17000000000002,2,2,1,有,有,有,25000,195,坡道平面,39.17,0,租金25000元內含管理費與汽車車位使用費用,RPPQMLTLNHNFFAB68CC
豐原區,房地(土地+建物),臺中市豐原區豐東路541~570號,148.76,工,,,1070528,土地1建物1車位0,全,2,透天厝,工商用,加強磚造,0700825,214.8,3,3,2,有,無,無,20000,93,,0.0,0,,RPUPMLTLNHNFFDB76CC
豐原區,房地(土地+建物),臺中市豐原區豐勢路一段577巷1~30號,255.0,工,,,1070524,土地1建物1車位0,見其他登記事項,2,工廠,工商用,加強磚造,0711028,193.2,4,2,2,有,無,無,23000,,,0.0,0,有部份未辦保存登記,RPPOMLKMNHNFFDB97CC
大里區,建物,臺中市大里區達明路61~90號,0.0,商,,,1070521,土地0建物0車位0,四層,15,住宅大樓(11層含以上有電梯),見其他登記事項,鋼筋混凝土造,1000413,105.28,2,2,2,有,有,有,12000,114,,0.0,0,公設面積無法分算，租金含管理費,RPWOMLKMNHNFFIB56CC
潭子區,房地(土地+建物)+車位,臺中市潭子區勝利十街1~30號,14.51,住,,,1070515,土地1建物1車位1,八層,14,住宅大樓(11層含以上有電梯),住家用,鋼筋混凝土造,0900112,131.51,4,2,2,有,有,有,16000,122,坡道機械,0.0,0,,RPVNMLKMNHNFFHB88CC
大肚區,房地(土地+建物),臺中市龍井區遊園路一段70巷91~120號,54.11,,鄉村區,特定目的事業用地,1070522,土地1建物1車位0,四層,4,公寓(5樓含以下無電梯),住家用,鋼筋混凝土造,0710815,74.71,3,2,1,有,無,有,9000,120,,0.0,0,,RPQNMLKMNHNFFKB68CC
龍井區,房地(土地+建物),臺中市龍井區新興路75巷1~30號,73.02,,鄉村區,乙種建築用地,1070513,土地1建物1車位0,全,2,透天厝,住家用,加強磚造,0680719,97.8,2,2,2,有,無,有,10000,102,,0.0,0,,RPRNMLKMNHNFFKB78CC
北屯區,建物,臺中市北屯區軍福十六路271~300號,0.0,商,,,1070515,土地0建物1車位1,六層,15,住宅大樓(11層含以上有電梯),住家用,鋼筋混凝土造,1030613,170.62,3,2,2,有,有,有,23000,135,坡道平面,30.97,0,租金含管理費,RPSOMLKMNHNFFBB08CC
北屯區,房地(土地+建物),臺中市北屯區文心路四段271~300號,9.15,商,,,1070513,土地1建物1車位0,十三層,22,住宅大樓(11層含以上有電梯),住家用,鋼筋混凝土造,1020725,92.32,2,1,2,有,有,有,20000,217,,0.0,0,,RPPRMLKMNHNFFBB08CC
北屯區,車位,臺中市北屯區文心路四段271~300號,0.0,,,,1070513,土地0建物0車位1,,,其他,,,,27.23,0,0,0,有,有,無,3500,,坡道平面,27.23,3500,,RPQRMLKMNHNFFBB18CC
北屯區,房地(土地+建物),臺中市北屯區文心路四段271~300號,6.34,商,,,1070515,土地1建物1車位0,十二層,22,住宅大樓(11層含以上有電梯),住家用,鋼筋混凝土造,1020725,77.05000000000001,0,0,0,無,有,有,18000,234,,0.0,0,,RPRRMLKMNHNFFBB28CC
北區,車位,臺中市北區進化北路301~330號,0.5,商,,,1070522,土地0建物0車位1,,,其他,,,,31.88,0,0,0,有,有,無,3500,,坡道平面,31.88,3500,,RPURMLKMNHNFFBB58CC
北區,房地(土地+建物),臺中市北區進化北路301~330號,5.82,商,,,1070522,土地2建物1車位0,九層,18,住宅大樓(11層含以上有電梯),住家用,鋼筋混凝土造,0941208,67.4,0,0,0,無,有,有,14000,208,,0.0,0,,RPXRMLKMNHNFFBB88CC
北區,房地(土地+建物),臺中市北區進化北路301~330號,8.67,商,,,1070523,土地2建物1車位0,十六層,18,住宅大樓(11層含以上有電梯),住家用,鋼筋混凝土造,0941208,91.00999999999999,2,1,1,有,有,有,18000,198,,0.0,0,,RPOSMLKMNHNFFBB08CC
北屯區,車位,臺中市北屯區文心路四段271~300號,0.0,,,,1070528,土地0建物0車位1,,,其他,,,,27.23,0,0,0,有,有,無,3500,,坡道平面,27.23,3500,,RPPSMLKMNHNFFBB18CC
西屯區,房地(土地+建物),臺中市西屯區漢口路二段91~120號,93.99,商,,,1070501,土地1建物1車位0,見其他登記事項,15,店面(店鋪),見其他登記事項,鋼筋混凝土造,0850710,477.22,0,0,0,無,有,無,75000,157,,0.0,0,,RPVOMLKMNHNFFCB48CC
西屯區,房地(土地+建物),臺中市西屯區大墩路1021~1050號,300.0,住,,,1070507,土地3建物1車位0,全,4,透天厝,見其他登記事項,見其他登記事項,0991126,195.14,0,0,0,無,無,有,45000,231,,0.0,0,,RPWOMLKMNHNFFCB58CC
西屯區,房地(土地+建物),臺中市西屯區文心路三段1~30號,6.28,商,,,1070528,土地1建物1車位0,十五層,26,住宅大樓(11層含以上有電梯),住家用,鋼筋混凝土造,0980813,61.72,0,0,0,無,有,有,17000,275,,0.0,0,,RPTPMLKMNHNFFCB38CC
西屯區,車位,臺中市西屯區文心路三段1~30號,0.0,,,,1070528,土地0建物0車位1,,,其他,,,,18.99,0,0,0,有,有,無,1000,,坡道機械,18.99,1000,,RPUPMLKMNHNFFCB48CC
西屯區,房地(土地+建物),臺中市西屯區文心路三段1~30號,6.24,商,,,1070528,土地1建物1車位0,十八層,26,住宅大樓(11層含以上有電梯),住家用,鋼筋混凝土造,0980813,61.55,0,0,0,無,有,有,15000,244,,0.0,0,,RPVPMLKMNHNFFCB58CC
西屯區,建物,臺中市西屯區福中16街5巷1~30號,0.0,,,,1070510,土地0建物1車位0,五層,6,華廈(10層含以下有電梯),住家用,鋼筋混凝土造,0791110,91.7,3,2,2,有,無,有,14000,153,,0.0,0,臺中市包租代管案件租金市價打9折。,RPVPMLLMNHNFFCB68CC
西屯區,房地(土地+建物)+車位,臺中市西屯區國安一路31~60號,17.63,住,,,1070529,土地1建物1車位1,十一層,15,住宅大樓(11層含以上有電梯),住家用,鋼筋混凝土造,0950825,130.12,3,2,2,有,有,有,28380,218,坡道平面,23.17,0,,RPWPMLLMNHNFFCB78CC
北屯區,房地(土地+建物),臺中市北屯區雷中街112巷28弄1~30號,11.5,住,,,1070528,土地1建物1車位0,五層,14,住宅大樓(11層含以上有電梯),住家用,鋼筋混凝土造,0871111,116.28,2,2,2,有,有,有,15000,129,,0.0,0,,RPTNMLLMNHNFFBB18CC
北屯區,房地(土地+建物)+車位,臺中市北屯區文心路四段61~90號,7.99,住,,,1070523,土地1建物1車位1,二十五層,28,住宅大樓(11層含以上有電梯),見其他登記事項,鋼筋混凝土造,1060420,112.21000000000001,2,2,1,有,無,有,22000,196,坡道平面,0.0,0,,RPWNMLLMNHNFFBB48CC
北屯區,建物,臺中市北屯區太原路三段139巷1~30號,0.0,,,,1070504,土地0建物1車位0,五層,8,華廈(10層含以下有電梯),住家用,鋼筋混凝土造,0840127,68.4,2,1,1,有,有,有,12150,178,,0.0,0,臺中市包租代管案件租金市價打9折。,RPPOMLLMNHNFFBB87CC
北屯區,建物,臺中市北屯區太原路三段139巷1~30號,0.0,,,,1070510,土地0建物1車位0,五層,8,華廈(10層含以下有電梯),住家用,鋼筋混凝土造,0840127,23.58,1,0,1,有,有,有,7020,298,,0.0,0,臺中市包租代管案件租金市價打9折。,RPUPMLLMNHNFFBB48CC
南區,建物,臺中市南區文心南十路181~210號,0.0,,,,1070504,土地0建物1車位0,五層,14,住宅大樓(11層含以上有電梯),住家用,鋼筋混凝土造,0881218,113.03,2,2,2,有,有,有,15300,135,,0.0,0,臺中市包租代管案件租金市價打9折。,RPVOMLLMNHNFFAB38CC
